url,status,found_via,note
https://dynamocks.us/collections/crew-pack-of-1.atom,429,linked from https://www.dynamocks.us/collections/crew-pack-of-1,"not in local mirror — deleted before fetch.py last ran, or never a product/collection page"
https://dynamocks.us/collections/crew-pack-of-1?page=2,429,linked from https://www.dynamocks.us/collections/crew-pack-of-1,"in local mirror as live — Shopify may just be slow, worth a manual re-check"
https://dynamocks.us/collections/crew-pack-of-1?page=3,429,linked from https://www.dynamocks.us/collections/crew-pack-of-1,"in local mirror as live — Shopify may just be slow, worth a manual re-check"
https://dynamocks.us/collections/crew-pack-of-1?page=8,429,linked from https://www.dynamocks.us/collections/crew-pack-of-1,"in local mirror as live — Shopify may just be slow, worth a manual re-check"
https://dynamocks.us/collections/frontpage,429,linked from https://www.dynamocks.us/collections/frontpage,"in local mirror as live — Shopify may just be slow, worth a manual re-check"
https://dynamocks.us/collections/frontpage.atom,429,linked from https://www.dynamocks.us/collections/frontpage,"not in local mirror — deleted before fetch.py last ran, or never a product/collection page"
https://dynamocks.us/collections/fun-socks,429,linked from /,"in local mirror as live — Shopify may just be slow, worth a manual re-check"
https://dynamocks.us/collections/fun-socks.atom,429,linked from https://www.dynamocks.us/collections/fun-socks,"not in local mirror — deleted before fetch.py last ran, or never a product/collection page"
https://dynamocks.us/collections/fun-socks?page=2,429,linked from https://www.dynamocks.us/collections/fun-socks,"in local mirror as live — Shopify may just be slow, worth a manual re-check"
https://dynamocks.us/collections/geometric-collection,429,linked from /,"in local mirror as live — Shopify may just be slow, worth a manual re-check"
https://dynamocks.us/collections/geometric-collection.atom,429,linked from https://www.dynamocks.us/collections/geometric-collection,"not in local mirror — deleted before fetch.py last ran, or never a product/collection page"
https://dynamocks.us/collections/geometric-collection?page=2,429,linked from https://www.dynamocks.us/collections/geometric-collection,"in local mirror as live — Shopify may just be slow, worth a manual re-check"
https://dynamocks.us/collections/geometric-collection?page=3,429,linked from https://www.dynamocks.us/collections/geometric-collection,"in local mirror as live — Shopify may just be slow, worth a manual re-check"
https://dynamocks.us/collections/mega-style-mystery-box,429,linked from /,"in local mirror as live — Shopify may just be slow, worth a manual re-check"
https://dynamocks.us/collections/mega-style-mystery-box.atom,429,linked from https://www.dynamocks.us/collections/mega-style-mystery-box,"not in local mirror — deleted before fetch.py last ran, or never a product/collection page"
https://dynamocks.us/collections/new-arrival-1,429,linked from /,"in local mirror as live — Shopify may just be slow, worth a manual re-check"
https://dynamocks.us/collections/new-arrival-1?page=2,429,linked from https://www.dynamocks.us/collections/new-arrival-1,"in local mirror as live — Shopify may just be slow, worth a manual re-check"
https://dynamocks.us/collections/polka-dot-parade.atom,429,linked from https://www.dynamocks.us/collections/polka-dot-parade,"not in local mirror — deleted before fetch.py last ran, or never a product/collection page"
https://dynamocks.us/collections/savvy-stripes-cotton-socks.atom,429,linked from https://www.dynamocks.us/collections/savvy-stripes-cotton-socks,"not in local mirror — deleted before fetch.py last ran, or never a product/collection page"
https://dynamocks.us/collections/savvy-stripes-cotton-socks?page=3,429,linked from https://www.dynamocks.us/collections/savvy-stripes-cotton-socks,"in local mirror as live — Shopify may just be slow, worth a manual re-check"
https://dynamocks.us/collections/solid-colors-socks?page=2,429,linked from https://www.dynamocks.us/collections/solid-colors-socks,"in local mirror as live — Shopify may just be slow, worth a manual re-check"
https://dynamocks.us/products/black-mono-white-houndstooth,429,linked from https://www.dynamocks.us/collections/ankle-pack-of-4,"in local mirror as live — Shopify may just be slow, worth a manual re-check"
https://dynamocks.us/products/colorful-cotton-ankle-socks-ca-beer-cutting-chai-ssu-3-pack,429,linked from https://www.dynamocks.us/collections/all-products,"in local mirror as live — Shopify may just be slow, worth a manual re-check"
https://dynamocks.us/products/cotton-ankle-socks-beer-banana,429,linked from https://www.dynamocks.us/collections/all-products,"in local mirror as live — Shopify may just be slow, worth a manual re-check"
https://dynamocks.us/products/cotton-ankle-socks-combo-burgers-mooches-beer,429,linked from https://www.dynamocks.us/collections/all-products,"in local mirror as live — Shopify may just be slow, worth a manual re-check"
https://dynamocks.us/products/cotton-ankle-socks-dandy-aqua-neon-maroon,429,linked from https://www.dynamocks.us/collections/all-products,"in local mirror as live — Shopify may just be slow, worth a manual re-check"
https://dynamocks.us/products/cotton-ankle-socks-doodle-sunshine-hexagon,429,linked from https://www.dynamocks.us/collections/all-products,"in local mirror as live — Shopify may just be slow, worth a manual re-check"
https://dynamocks.us/products/cotton-ankle-socks-fizzy-aqua-ankle-length-socks,429,linked from https://www.dynamocks.us/collections/cotton-ankle-socks,"in local mirror as live — Shopify may just be slow, worth a manual re-check"
https://dynamocks.us/products/cotton-ankle-socks-fizzy-yellow-ankle-length-socks,429,linked from https://www.dynamocks.us/collections/cotton-ankle-socks,"in local mirror as live — Shopify may just be slow, worth a manual re-check"
https://dynamocks.us/products/cotton-ankle-socks-mayan-ankle-length-socks,429,linked from https://www.dynamocks.us/collections/cotton-ankle-socks,"in local mirror as live — Shopify may just be slow, worth a manual re-check"
https://dynamocks.us/products/cotton-ankle-socks-pizza-ankle-length-socks,429,linked from https://www.dynamocks.us/collections/fun-socks,"in local mirror as live — Shopify may just be slow, worth a manual re-check"
https://dynamocks.us/products/cotton-ankle-socks-pop-plus-prim-vivid,429,linked from https://www.dynamocks.us/collections/ankle-pack-of-4,"in local mirror as live — Shopify may just be slow, worth a manual re-check"
https://dynamocks.us/products/cotton-ankle-socks-sizzle-ankle-length-socks,429,linked from https://www.dynamocks.us/collections/cotton-ankle-socks,"in local mirror as live — Shopify may just be slow, worth a manual re-check"
https://dynamocks.us/products/cotton-ankle-socks-stripes-12-0-ankle-length-socks,429,linked from https://www.dynamocks.us/collections/all-products,"in local mirror as live — Shopify may just be slow, worth a manual re-check"
https://dynamocks.us/products/cotton-ankle-socks-wonky-unisex-crew-length-socks,429,linked from https://www.dynamocks.us/collections/artistic-cotton-socks,"in local mirror as live — Shopify may just be slow, worth a manual re-check"
https://dynamocks.us/products/cotton-crew-length-socks-solid-gold-unique-color-premium-cotton-socks-for-men-women,429,linked from https://www.dynamocks.us/collections/solid-colors-socks,"in local mirror as live — Shopify may just be slow, worth a manual re-check"
https://dynamocks.us/products/cotton-crew-length-socks-solid-lavender-unique-color-premium-cotton-socks-for-men-women,429,linked from https://www.dynamocks.us/collections/solid-colors-socks,"in local mirror as live — Shopify may just be slow, worth a manual re-check"
https://dynamocks.us/products/cotton-crew-length-socks-solid-peach-unique-color-premium-cotton-socks-for-men-women,429,linked from https://www.dynamocks.us/collections/solid-colors-socks,"in local mirror as live — Shopify may just be slow, worth a manual re-check"
https://dynamocks.us/products/cotton-crew-socks-beam-crew-length-socks,429,linked from https://www.dynamocks.us/collections/geometric-collection,"in local mirror as live — Shopify may just be slow, worth a manual re-check"
https://dynamocks.us/products/cotton-crew-socks-bold-stripes-1-0-crew-length-socks,429,linked from https://www.dynamocks.us/collections/best-sellers,"in local mirror as live — Shopify may just be slow, worth a manual re-check"
https://dynamocks.us/products/cotton-crew-socks-bubbles-crew-length-socks,429,linked from https://www.dynamocks.us/collections/crew-pack-of-1,"in local mirror as live — Shopify may just be slow, worth a manual re-check"
https://dynamocks.us/products/cotton-crew-socks-burst-crew-length-socks,429,linked from https://www.dynamocks.us/collections/cotton-crew-socks,"in local mirror as live — Shopify may just be slow, worth a manual re-check"
https://dynamocks.us/products/cotton-crew-socks-chillies-crew-length-socks,429,linked from https://www.dynamocks.us/collections/fun-socks,"in local mirror as live — Shopify may just be slow, worth a manual re-check"
https://dynamocks.us/products/cotton-crew-socks-combo-plus-plush-classic,429,linked from https://www.dynamocks.us/collections/crew-combos,"in local mirror as live — Shopify may just be slow, worth a manual re-check"
https://dynamocks.us/products/cotton-crew-socks-confetti-crew-length-socks,429,linked from https://www.dynamocks.us/collections/cotton-crew-socks,"in local mirror as live — Shopify may just be slow, worth a manual re-check"
https://dynamocks.us/products/cotton-crew-socks-dandy-aqua-d-neon-green-d-maroon-fizzy-maroon-f-yellow-f-aqua,429,linked from https://www.dynamocks.us/collections/crew-combos,"in local mirror as live — Shopify may just be slow, worth a manual re-check"
https://dynamocks.us/products/cotton-crew-socks-dandy-neon-green-crew-length-socks,429,linked from https://www.dynamocks.us/collections/geometric-collection,"in local mirror as live — Shopify may just be slow, worth a manual re-check"
https://dynamocks.us/products/cotton-crew-socks-fizzy-maroon-crew-length-socks,429,linked from https://www.dynamocks.us/collections/polka-dot-parade,"in local mirror as live — Shopify may just be slow, worth a manual re-check"
https://dynamocks.us/products/cotton-crew-socks-grill-crew-length-socks,429,linked from https://www.dynamocks.us/collections/artistic-cotton-socks,"in local mirror as live — Shopify may just be slow, worth a manual re-check"
https://dynamocks.us/products/cotton-crew-socks-illusion-crew-length-socks,429,linked from https://www.dynamocks.us/collections/best-sellers,"in local mirror as live — Shopify may just be slow, worth a manual re-check"
https://dynamocks.us/products/cotton-crew-socks-neon-crew-length-socks,429,linked from https://www.dynamocks.us/collections/cotton-crew-socks,"in local mirror as live — Shopify may just be slow, worth a manual re-check"
https://dynamocks.us/products/cotton-crew-socks-pizzazz-cube-prism-sprinkles,429,linked from https://www.dynamocks.us/collections/crew-combos,"in local mirror as live — Shopify may just be slow, worth a manual re-check"
https://dynamocks.us/products/cotton-crew-socks-prim-crew-length-socks,429,linked from https://www.dynamocks.us/collections/artistic-cotton-socks,"in local mirror as live — Shopify may just be slow, worth a manual re-check"
https://dynamocks.us/products/cotton-crew-socks-retro-crew-length-socks,429,linked from https://www.dynamocks.us/collections/artistic-cotton-socks,"in local mirror as live — Shopify may just be slow, worth a manual re-check"
https://dynamocks.us/products/cotton-crew-socks-solid-green-crew-length-socks,429,linked from https://www.dynamocks.us/collections/solid-colors-socks,"in local mirror as live — Shopify may just be slow, worth a manual re-check"
https://dynamocks.us/products/cotton-crew-socks-solid-olive-crew-length-socks-copy,429,linked from https://www.dynamocks.us/collections/solid-colors-socks,"in local mirror as live — Shopify may just be slow, worth a manual re-check"
https://dynamocks.us/products/cotton-crew-socks-solid-turquoise-crew-length-socks,429,linked from https://www.dynamocks.us/collections/solid-colors-socks,"in local mirror as live — Shopify may just be slow, worth a manual re-check"
https://dynamocks.us/products/cotton-crew-socks-stripes-12-0-crew-length-socks,429,linked from https://www.dynamocks.us/collections/savvy-stripes-cotton-socks,"in local mirror as live — Shopify may just be slow, worth a manual re-check"
https://dynamocks.us/products/cotton-crew-socks-stripes-16-0-crew-length-socks,429,linked from https://www.dynamocks.us/collections/savvy-stripes-cotton-socks,"in local mirror as live — Shopify may just be slow, worth a manual re-check"
https://dynamocks.us/products/cotton-crew-socks-sunshine-crew-length-socks,429,linked from https://www.dynamocks.us/collections/crew-pack-of-1,"in local mirror as live — Shopify may just be slow, worth a manual re-check"
https://dynamocks.us/products/cotton-crew-socks-trios-crew-length-socks,429,linked from https://www.dynamocks.us/collections/black-white-bliss,"in local mirror as live — Shopify may just be slow, worth a manual re-check"
https://dynamocks.us/products/cotton-socks-vibrant-combo,429,linked from https://www.dynamocks.us/collections/all-products,"in local mirror as live — Shopify may just be slow, worth a manual re-check"
https://dynamocks.us/products/dandy-black-white-crew-length-socks-cotton-crew-socks,429,linked from https://www.dynamocks.us/collections/black-white-bliss,"in local mirror as live — Shopify may just be slow, worth a manual re-check"
https://dynamocks.us/products/dynamocks-artistic-graphic-quarter-socks-us-size-6-10-copy,429,linked from https://www.dynamocks.us/collections/artistic-printed-socks,"in local mirror as live — Shopify may just be slow, worth a manual re-check"
https://dynamocks.us/products/dynamocks-premium-crew-socks-pack-of-6,429,linked from https://www.dynamocks.us/collections/crew-combos,"in local mirror as live — Shopify may just be slow, worth a manual re-check"
https://dynamocks.us/products/exotica-dynamocks-artistic-graphic-quarter-length-socks-us-size-6-10,429,linked from https://www.dynamocks.us/collections/artistic-printed-socks,"in local mirror as live — Shopify may just be slow, worth a manual re-check"
https://dynamocks.us/products/fizzy-orange-crew-length-socks-cotton-crew-socks,429,linked from https://www.dynamocks.us/collections/artistic-cotton-socks,"in local mirror as live — Shopify may just be slow, worth a manual re-check"
https://dynamocks.us/products/fun-stripes-crew-length-socks-a-touch-of-sophisticated-style-colorful-luxurious-cotton-socks,429,linked from https://www.dynamocks.us/collections/new-arrival-1,"in local mirror as live — Shopify may just be slow, worth a manual re-check"
https://dynamocks.us/products/hex-ankle-length-socks-cotton-ankle-socks,429,linked from https://www.dynamocks.us/collections/black-white-bliss,"in local mirror as live — Shopify may just be slow, worth a manual re-check"
https://dynamocks.us/products/houndstooth-crew-length-socks-cotton-crew-socks,429,linked from https://www.dynamocks.us/collections/best-sellers,"in local mirror as live — Shopify may just be slow, worth a manual re-check"
https://dynamocks.us/products/mango-crew-socks-single-pair-fruity-fun-cotton-comfort,429,linked from https://www.dynamocks.us/collections/cotton-crew-socks,"in local mirror as live — Shopify may just be slow, worth a manual re-check"
https://dynamocks.us/products/mint-crew-length-socks-cotton-crew-socks,429,linked from https://www.dynamocks.us/collections/savvy-stripes-cotton-socks,"in local mirror as live — Shopify may just be slow, worth a manual re-check"
https://dynamocks.us/products/mooch-crew-length-socks-mischief-for-your-feet,429,linked from https://www.dynamocks.us/collections/cotton-crew-socks,"in local mirror as live — Shopify may just be slow, worth a manual re-check"
https://dynamocks.us/products/music-crew-length-socks-strike-a-chord-with-your-style,429,linked from https://www.dynamocks.us/collections/fun-socks,"in local mirror as live — Shopify may just be slow, worth a manual re-check"
https://dynamocks.us/products/ocean-blues-set-6-pair-blue-gradient-dress-socks-for-men-women-dynamocks,429,linked from https://www.dynamocks.us/collections/crew-combos,"in local mirror as live — Shopify may just be slow, worth a manual re-check"
https://dynamocks.us/products/orange-unisex-bamboo-crew-length-socks,429,linked from https://www.dynamocks.us/collections/bamboo,"in local mirror as live — Shopify may just be slow, worth a manual re-check"
https://dynamocks.us/products/paws-and-bones-crew-length-socks-cotton-crew-socks,429,linked from https://www.dynamocks.us/collections/artistic-cotton-socks,"in local mirror as live — Shopify may just be slow, worth a manual re-check"
https://dynamocks.us/products/plus-crew-length-socks-cotton-crew-socks,429,linked from https://www.dynamocks.us/collections/artistic-cotton-socks,"in local mirror as live — Shopify may just be slow, worth a manual re-check"
https://dynamocks.us/products/pop-crew-length-socks-make-a-statement-with-bold-color,429,linked from https://www.dynamocks.us/collections/polka-dot-parade,"in local mirror as live — Shopify may just be slow, worth a manual re-check"
https://dynamocks.us/products/prism-ankle-length-socks-a-spectrum-of-color-for-your-feet,429,linked from https://www.dynamocks.us/collections/cotton-ankle-socks,"in local mirror as live — Shopify may just be slow, worth a manual re-check"
https://dynamocks.us/products/radiance-crew-length-men-women-designer-funky-creative-colorful-socks-unisex-socks-copy,429,linked from /,"in local mirror as live — Shopify may just be slow, worth a manual re-check"
https://dynamocks.us/products/rickshaw-crew-socks-single-pair-fun-design-cotton-comfort,429,linked from https://www.dynamocks.us/collections/fun-socks,"in local mirror as live — Shopify may just be slow, worth a manual re-check"
https://dynamocks.us/products/rogue-crew-length-socks-cotton-crew-socks,429,linked from https://www.dynamocks.us/collections/best-sellers,"in local mirror as live — Shopify may just be slow, worth a manual re-check"
https://dynamocks.us/products/solid-aqua-crew-length-socks-cotton-crew-socks,429,linked from https://www.dynamocks.us/collections/solid-colors-socks,"in local mirror as live — Shopify may just be slow, worth a manual re-check"
https://dynamocks.us/products/solid-mint-crew-length-cotton-socks-a-refreshing-touch,429,linked from https://www.dynamocks.us/collections/solid-colors-socks,"in local mirror as live — Shopify may just be slow, worth a manual re-check"
https://dynamocks.us/products/solid-orange-crew-length-socks-cotton-crew-socks,429,linked from https://www.dynamocks.us/collections/solid-colors-socks,"in local mirror as live — Shopify may just be slow, worth a manual re-check"
https://dynamocks.us/products/solid-teal-green-crew-length-cotton-socks-a-refreshing-statement,429,linked from https://www.dynamocks.us/collections/solid-colors-socks,"in local mirror as live — Shopify may just be slow, worth a manual re-check"
https://dynamocks.us/products/stripes-21-0-the-executive-series-crew-length-socks,429,linked from https://www.dynamocks.us/collections/new-arrival-1,"in local mirror as live — Shopify may just be slow, worth a manual re-check"
https://dynamocks.us/products/stripes-25-0-premium-turquoise-striped-cotton-crew-socks-colorful-designer-socks,429,linked from https://www.dynamocks.us/collections/savvy-stripes-cotton-socks,"in local mirror as live — Shopify may just be slow, worth a manual re-check"
https://dynamocks.us/products/stripes-7-0-crew-length-socks-cotton-crew-socks,429,linked from https://www.dynamocks.us/collections/best-sellers,"in local mirror as live — Shopify may just be slow, worth a manual re-check"
https://dynamocks.us/products/stripes-cotton-socks-pack-of-3-crew-length-socks-combo,429,linked from https://www.dynamocks.us/collections/crew-combos,"in local mirror as live — Shopify may just be slow, worth a manual re-check"
https://dynamocks.us/products/stripes-cotton-socks-pack-of-3-crew-length-socks-set,429,linked from https://www.dynamocks.us/collections/crew-combos,"in local mirror as live — Shopify may just be slow, worth a manual re-check"
https://dynamocks.us/products/stripes-duo-1-0-crew-length-socks-cotton-crew-socks,429,linked from https://www.dynamocks.us/collections/savvy-stripes-cotton-socks,"in local mirror as live — Shopify may just be slow, worth a manual re-check"
https://dynamocks.us/products/stylish-cotton-ankle-socks-stripes-x-2,429,linked from https://www.dynamocks.us/collections/savvy-stripes-cotton-socks,"in local mirror as live — Shopify may just be slow, worth a manual re-check"
https://dynamocks.us/products/sublime-3-0-ankle-length-socks-cotton-ankle-socks,429,linked from https://www.dynamocks.us/collections/cotton-ankle-socks,"in local mirror as live — Shopify may just be slow, worth a manual re-check"
https://dynamocks.us/products/tangy-ankle-length-socks-cotton-ankle-socks,429,linked from https://www.dynamocks.us/collections/cotton-ankle-socks,"in local mirror as live — Shopify may just be slow, worth a manual re-check"
https://dynamocks.us/products/the-bamboo-reserve-6-pack-essential-solids,429,linked from https://www.dynamocks.us/collections/bamboo,"in local mirror as live — Shopify may just be slow, worth a manual re-check"
https://dynamocks.us/products/tides-crew-length-socks-cotton-crew-socks,429,linked from https://www.dynamocks.us/collections/polka-dot-parade,"in local mirror as live — Shopify may just be slow, worth a manual re-check"
https://dynamocks.us/products/unique-turquoise-men-women-designer-premium-dress-socks,429,linked from https://www.dynamocks.us/collections/artistic-cotton-socks,"in local mirror as live — Shopify may just be slow, worth a manual re-check"
https://dynamocks.us/products/unisex-bamboo-crew-length-socks-pack-of-4-pairs-1,429,linked from https://www.dynamocks.us/collections/bamboo,"in local mirror as live — Shopify may just be slow, worth a manual re-check"
https://dynamocks.us/products/yellow-unisex-bamboo-crew-length-socks,429,linked from https://www.dynamocks.us/collections/bamboo,"in local mirror as live — Shopify may just be slow, worth a manual re-check"
https://dynamocks.us/products/zebra-crew-length-socks-cotton-crew-socks,429,linked from https://www.dynamocks.us/collections/black-white-bliss,"in local mirror as live — Shopify may just be slow, worth a manual re-check"
https://www.dynamocks.us/collections/crew-pack-of-1,429,sitemap_collections_1.xml?from=401195991256&to=456781824216,"in local mirror as live — Shopify may just be slow, worth a manual re-check"
https://www.dynamocks.us/collections/frontpage,429,sitemap_collections_1.xml?from=401195991256&to=456781824216,"in local mirror as live — Shopify may just be slow, worth a manual re-check"
https://www.dynamocks.us/collections/mega-style-mystery-box,429,sitemap_collections_1.xml?from=401195991256&to=456781824216,"in local mirror as live — Shopify may just be slow, worth a manual re-check"
https://www.dynamocks.us/collections/new-arrival-1,429,sitemap_collections_1.xml?from=401195991256&to=456781824216,"in local mirror as live — Shopify may just be slow, worth a manual re-check"
https://www.dynamocks.us/collections/savvy-stripes-cotton-socks,429,sitemap_collections_1.xml?from=401195991256&to=456781824216,"in local mirror as live — Shopify may just be slow, worth a manual re-check"
https://www.dynamocks.us/products/183,429,sitemap_products_1.xml?from=8062650319064&to=9344559120600,"in local mirror as live — Shopify may just be slow, worth a manual re-check"
https://www.dynamocks.us/products/91,429,sitemap_products_1.xml?from=8062650319064&to=9344559120600,"in local mirror as live — Shopify may just be slow, worth a manual re-check"
https://www.dynamocks.us/products/97,429,sitemap_products_1.xml?from=8062650319064&to=9344559120600,"in local mirror as live — Shopify may just be slow, worth a manual re-check"
https://www.dynamocks.us/products/ace-crew-length-men-women-designer-funky-creative-socks-unisex-socks,429,sitemap_products_1.xml?from=8062650319064&to=9344559120600,"in local mirror as live — Shopify may just be slow, worth a manual re-check"
https://www.dynamocks.us/products/allure-colorful-cool-design-fashionable-casual-mens-socks-stylish-designer-womens-socks-collection,429,sitemap_products_1.xml?from=8062650319064&to=9344559120600,"in local mirror as live — Shopify may just be slow, worth a manual re-check"
https://www.dynamocks.us/products/ankle-socks-pack-of-3,429,sitemap_products_1.xml?from=8062650319064&to=9344559120600,"in local mirror as live — Shopify may just be slow, worth a manual re-check"
https://www.dynamocks.us/products/artistic-crew-length-socks-combo-gift-box-vibrant-colorful-design-comfortable-for-every-day-copy,429,sitemap_products_1.xml?from=8062650319064&to=9344559120600,"in local mirror as live — Shopify may just be slow, worth a manual re-check"
https://www.dynamocks.us/products/artistic-crew-length-socks-comic-crash-vibrant-colorful-design-comfortable-for-every-day-copy,429,sitemap_products_1.xml?from=8062650319064&to=9344559120600,"in local mirror as live — Shopify may just be slow, worth a manual re-check"
https://www.dynamocks.us/products/artistic-crew-length-socks-fresco,429,sitemap_products_1.xml?from=8062650319064&to=9344559120600,"in local mirror as live — Shopify may just be slow, worth a manual re-check"
https://www.dynamocks.us/products/artistic-crew-length-socks-skulls-roses-vibrant-colorful-design-comfortable-for-every-day,429,sitemap_products_1.xml?from=8062650319064&to=9344559120600,"in local mirror as live — Shopify may just be slow, worth a manual re-check"
https://www.dynamocks.us/products/artistic-crew-length-socks-voyager-vibrant-colorful-design-comfortable-for-every-day,429,sitemap_products_1.xml?from=8062650319064&to=9344559120600,"in local mirror as live — Shopify may just be slow, worth a manual re-check"
https://www.dynamocks.us/products/banger-ankle-length-socks-cotton-ankle-socks,429,sitemap_products_1.xml?from=8062650319064&to=9344559120600,"in local mirror as live — Shopify may just be slow, worth a manual re-check"
https://www.dynamocks.us/products/bold-stripes-3-0-crew-length-socks-premium-cotton-dress-socks-for-men-and-women,429,sitemap_products_1.xml?from=8062650319064&to=9344559120600,"in local mirror as live — Shopify may just be slow, worth a manual re-check"
https://www.dynamocks.us/products/bold-stripes-4-0-ankle-length-socks,429,sitemap_products_1.xml?from=8062650319064&to=9344559120600,"in local mirror as live — Shopify may just be slow, worth a manual re-check"
https://www.dynamocks.us/products/colorful-cotton-ankle-socks-swoon-ankle-length-socks,429,sitemap_products_1.xml?from=8062650319064&to=9344559120600,"in local mirror as live — Shopify may just be slow, worth a manual re-check"
https://www.dynamocks.us/products/cotton-ankle-socks-banana-ankle-length-socks,429,sitemap_products_1.xml?from=8062650319064&to=9344559120600,"in local mirror as live — Shopify may just be slow, worth a manual re-check"
https://www.dynamocks.us/products/cotton-ankle-socks-beer-ankle-length-socks,429,sitemap_products_1.xml?from=8062650319064&to=9344559120600,"in local mirror as live — Shopify may just be slow, worth a manual re-check"
https://www.dynamocks.us/products/cotton-ankle-socks-black-mono-white-houndstooth,429,sitemap_products_1.xml?from=8062650319064&to=9344559120600,"in local mirror as live — Shopify may just be slow, worth a manual re-check"
https://www.dynamocks.us/products/cotton-ankle-socks-bold-stripes-3-0-ankle-length-socks,429,sitemap_products_1.xml?from=8062650319064&to=9344559120600,"in local mirror as live — Shopify may just be slow, worth a manual re-check"
https://www.dynamocks.us/products/cotton-ankle-socks-bolt-ankle-length-socks,429,sitemap_products_1.xml?from=8062650319064&to=9344559120600,"in local mirror as live — Shopify may just be slow, worth a manual re-check"
https://www.dynamocks.us/products/cotton-ankle-socks-classic-ankle-length-socks,429,sitemap_products_1.xml?from=8062650319064&to=9344559120600,"in local mirror as live — Shopify may just be slow, worth a manual re-check"
https://www.dynamocks.us/products/cotton-ankle-socks-confetti-ankle-length-socks,429,sitemap_products_1.xml?from=8062650319064&to=9344559120600,"in local mirror as live — Shopify may just be slow, worth a manual re-check"
https://www.dynamocks.us/products/cotton-ankle-socks-dandy-aqua-neon-maroon,429,sitemap_products_1.xml?from=8062650319064&to=9344559120600,"in local mirror as live — Shopify may just be slow, worth a manual re-check"
https://www.dynamocks.us/products/cotton-ankle-socks-dandy-maroon-ankle-length-socks-copy,429,sitemap_products_1.xml?from=8062650319064&to=9344559120600,"in local mirror as live — Shopify may just be slow, worth a manual re-check"
https://www.dynamocks.us/products/cotton-ankle-socks-doodle-crew-length-socks,429,sitemap_products_1.xml?from=8062650319064&to=9344559120600,"in local mirror as live — Shopify may just be slow, worth a manual re-check"
https://www.dynamocks.us/products/cotton-ankle-socks-elegant-stripes-1-0-ankle-length-socks,429,sitemap_products_1.xml?from=8062650319064&to=9344559120600,"in local mirror as live — Shopify may just be slow, worth a manual re-check"
https://www.dynamocks.us/products/cotton-ankle-socks-fizzy-aqua-ankle-length-socks,429,sitemap_products_1.xml?from=8062650319064&to=9344559120600,"in local mirror as live — Shopify may just be slow, worth a manual re-check"
https://www.dynamocks.us/products/cotton-ankle-socks-hex-crew-length-socks,429,sitemap_products_1.xml?from=8062650319064&to=9344559120600,"in local mirror as live — Shopify may just be slow, worth a manual re-check"
https://www.dynamocks.us/products/cotton-ankle-socks-lemons-ankle-length-socks,429,sitemap_products_1.xml?from=8062650319064&to=9344559120600,"in local mirror as live — Shopify may just be slow, worth a manual re-check"
https://www.dynamocks.us/products/cotton-ankle-socks-maze-polka-exotic,429,sitemap_products_1.xml?from=8062650319064&to=9344559120600,"in local mirror as live — Shopify may just be slow, worth a manual re-check"
https://www.dynamocks.us/products/cotton-ankle-socks-melon-crew-length-socks,429,sitemap_products_1.xml?from=8062650319064&to=9344559120600,"in local mirror as live — Shopify may just be slow, worth a manual re-check"
https://www.dynamocks.us/products/cotton-ankle-socks-neon-ankle-length-socks,429,sitemap_products_1.xml?from=8062650319064&to=9344559120600,"in local mirror as live — Shopify may just be slow, worth a manual re-check"
https://www.dynamocks.us/products/cotton-ankle-socks-pizzazz-prism-cube,429,sitemap_products_1.xml?from=8062650319064&to=9344559120600,"in local mirror as live — Shopify may just be slow, worth a manual re-check"
https://www.dynamocks.us/products/cotton-ankle-socks-rangoli-ankle-length-socks,429,sitemap_products_1.xml?from=8062650319064&to=9344559120600,"in local mirror as live — Shopify may just be slow, worth a manual re-check"
https://www.dynamocks.us/products/cotton-ankle-socks-rangoli-vivid-sizzle,429,sitemap_products_1.xml?from=8062650319064&to=9344559120600,"in local mirror as live — Shopify may just be slow, worth a manual re-check"
https://www.dynamocks.us/products/cotton-ankle-socks-scrawl-doodle-sunshine-hexagon,429,sitemap_products_1.xml?from=8062650319064&to=9344559120600,"in local mirror as live — Shopify may just be slow, worth a manual re-check"
https://www.dynamocks.us/products/cotton-ankle-socks-solid-mint-ankle-length-socks,429,sitemap_products_1.xml?from=8062650319064&to=9344559120600,"in local mirror as live — Shopify may just be slow, worth a manual re-check"
https://www.dynamocks.us/products/cotton-ankle-socks-sprinkles-crew-length-socks,429,sitemap_products_1.xml?from=8062650319064&to=9344559120600,"in local mirror as live — Shopify may just be slow, worth a manual re-check"
https://www.dynamocks.us/products/cotton-ankle-socks-stripes-10-0-ankle-length-socks,429,sitemap_products_1.xml?from=8062650319064&to=9344559120600,"in local mirror as live — Shopify may just be slow, worth a manual re-check"
https://www.dynamocks.us/products/cotton-ankle-socks-stripes-14-0,429,sitemap_products_1.xml?from=8062650319064&to=9344559120600,"in local mirror as live — Shopify may just be slow, worth a manual re-check"
https://www.dynamocks.us/products/cotton-ankle-socks-stripes-19-0,429,sitemap_products_1.xml?from=8062650319064&to=9344559120600,"in local mirror as live — Shopify may just be slow, worth a manual re-check"
https://www.dynamocks.us/products/cotton-ankle-socks-stripes-5-0-ankle-length-socks,429,sitemap_products_1.xml?from=8062650319064&to=9344559120600,"in local mirror as live — Shopify may just be slow, worth a manual re-check"
https://www.dynamocks.us/products/cotton-ankle-socks-sunshine-ankle-length-socks,429,sitemap_products_1.xml?from=8062650319064&to=9344559120600,"in local mirror as live — Shopify may just be slow, worth a manual re-check"
https://www.dynamocks.us/products/cotton-ankle-socks-vibrant-6-pack-mint-aqua-purple-maroon-teal-blue-green,429,sitemap_products_1.xml?from=8062650319064&to=9344559120600,"in local mirror as live — Shopify may just be slow, worth a manual re-check"
https://www.dynamocks.us/products/cotton-crew-length-socks-solid-gold-unique-color-premium-cotton-socks-for-men-women,429,sitemap_products_1.xml?from=8062650319064&to=9344559120600,"in local mirror as live — Shopify may just be slow, worth a manual re-check"
https://www.dynamocks.us/products/cotton-crew-length-socks-solid-light-blue-unique-color-premium-cotton-socks-for-men-women,429,sitemap_products_1.xml?from=8062650319064&to=9344559120600,"in local mirror as live — Shopify may just be slow, worth a manual re-check"
https://www.dynamocks.us/products/cotton-crew-length-socks-solid-rust-unique-color-premium-cotton-socks-for-men-women,429,sitemap_products_1.xml?from=8062650319064&to=9344559120600,"in local mirror as live — Shopify may just be slow, worth a manual re-check"
https://www.dynamocks.us/products/cotton-crew-socks-beam-crew-length-socks,429,sitemap_products_1.xml?from=8062650319064&to=9344559120600,"in local mirror as live — Shopify may just be slow, worth a manual re-check"
https://www.dynamocks.us/products/cotton-crew-socks-blue-aqua-teal-green-purple,429,sitemap_products_1.xml?from=8062650319064&to=9344559120600,"in local mirror as live — Shopify may just be slow, worth a manual re-check"
https://www.dynamocks.us/products/cotton-crew-socks-bold-stripes-1-0-crew-length-socks,429,sitemap_products_1.xml?from=8062650319064&to=9344559120600,"in local mirror as live — Shopify may just be slow, worth a manual re-check"
https://www.dynamocks.us/products/cotton-crew-socks-bold-stripes-5-0-crew-length-socks,429,sitemap_products_1.xml?from=8062650319064&to=9344559120600,"in local mirror as live — Shopify may just be slow, worth a manual re-check"
https://www.dynamocks.us/products/cotton-crew-socks-bubbles-crew-length-socks,429,sitemap_products_1.xml?from=8062650319064&to=9344559120600,"in local mirror as live — Shopify may just be slow, worth a manual re-check"
https://www.dynamocks.us/products/cotton-crew-socks-burgers-crew-length-socks,429,sitemap_products_1.xml?from=8062650319064&to=9344559120600,"in local mirror as live — Shopify may just be slow, worth a manual re-check"
https://www.dynamocks.us/products/cotton-crew-socks-charm-crew-length-socks,429,sitemap_products_1.xml?from=8062650319064&to=9344559120600,"in local mirror as live — Shopify may just be slow, worth a manual re-check"
https://www.dynamocks.us/products/cotton-crew-socks-combo-pizzazz-confetti-sprinkles-prism-cube-beam-copy,429,sitemap_products_1.xml?from=8062650319064&to=9344559120600,"in local mirror as live — Shopify may just be slow, worth a manual re-check"
https://www.dynamocks.us/products/cotton-crew-socks-confetti-crew-length-socks,429,sitemap_products_1.xml?from=8062650319064&to=9344559120600,"in local mirror as live — Shopify may just be slow, worth a manual re-check"
https://www.dynamocks.us/products/cotton-crew-socks-dandy-neon-green-crew-length-socks,429,sitemap_products_1.xml?from=8062650319064&to=9344559120600,"in local mirror as live — Shopify may just be slow, worth a manual re-check"
https://www.dynamocks.us/products/cotton-crew-socks-elite-crew-length-socks,429,sitemap_products_1.xml?from=8062650319064&to=9344559120600,"in local mirror as live — Shopify may just be slow, worth a manual re-check"
https://www.dynamocks.us/products/cotton-crew-socks-fizzy-yellow-maroon-aqua,429,sitemap_products_1.xml?from=8062650319064&to=9344559120600,"in local mirror as live — Shopify may just be slow, worth a manual re-check"
https://www.dynamocks.us/products/cotton-crew-socks-grill-crew-length-socks,429,sitemap_products_1.xml?from=8062650319064&to=9344559120600,"in local mirror as live — Shopify may just be slow, worth a manual re-check"
https://www.dynamocks.us/products/cotton-crew-socks-happy-leaf-polka-lemon-mooch,429,sitemap_products_1.xml?from=8062650319064&to=9344559120600,"in local mirror as live — Shopify may just be slow, worth a manual re-check"
https://www.dynamocks.us/products/cotton-crew-socks-illusion-crew-length-socks,429,sitemap_products_1.xml?from=8062650319064&to=9344559120600,"in local mirror as live — Shopify may just be slow, worth a manual re-check"
https://www.dynamocks.us/products/cotton-crew-socks-mirage-crew-length-socks,429,sitemap_products_1.xml?from=8062650319064&to=9344559120600,"in local mirror as live — Shopify may just be slow, worth a manual re-check"
https://www.dynamocks.us/products/cotton-crew-socks-neon-crew-length-socks,429,sitemap_products_1.xml?from=8062650319064&to=9344559120600,"in local mirror as live — Shopify may just be slow, worth a manual re-check"
https://www.dynamocks.us/products/cotton-crew-socks-pizzazz-cube-prism-sprinkles,429,sitemap_products_1.xml?from=8062650319064&to=9344559120600,"in local mirror as live — Shopify may just be slow, worth a manual re-check"
https://www.dynamocks.us/products/cotton-crew-socks-prism-crew-length-socks,429,sitemap_products_1.xml?from=8062650319064&to=9344559120600,"in local mirror as live — Shopify may just be slow, worth a manual re-check"
https://www.dynamocks.us/products/cotton-crew-socks-retro-crew-length-socks,429,sitemap_products_1.xml?from=8062650319064&to=9344559120600,"in local mirror as live — Shopify may just be slow, worth a manual re-check"
https://www.dynamocks.us/products/cotton-crew-socks-retro-grill-sc-orange-sc-green,429,sitemap_products_1.xml?from=8062650319064&to=9344559120600,"in local mirror as live — Shopify may just be slow, worth a manual re-check"
https://www.dynamocks.us/products/cotton-crew-socks-sizzle-crew-length-socks,429,sitemap_products_1.xml?from=8062650319064&to=9344559120600,"in local mirror as live — Shopify may just be slow, worth a manual re-check"
https://www.dynamocks.us/products/cotton-crew-socks-solid-green-crew-length-socks,429,sitemap_products_1.xml?from=8062650319064&to=9344559120600,"in local mirror as live — Shopify may just be slow, worth a manual re-check"
https://www.dynamocks.us/products/cotton-crew-socks-solid-maroon-crew-length-socks,429,sitemap_products_1.xml?from=8062650319064&to=9344559120600,"in local mirror as live — Shopify may just be slow, worth a manual re-check"
https://www.dynamocks.us/products/cotton-crew-socks-solid-olive-crew-length-socks-copy,429,sitemap_products_1.xml?from=8062650319064&to=9344559120600,"in local mirror as live — Shopify may just be slow, worth a manual re-check"
https://www.dynamocks.us/products/cotton-crew-socks-solid-turquoise-crew-length-socks,429,sitemap_products_1.xml?from=8062650319064&to=9344559120600,"in local mirror as live — Shopify may just be slow, worth a manual re-check"
https://www.dynamocks.us/products/cotton-crew-socks-stripes-1-0-2-0-3-0-4-0,429,sitemap_products_1.xml?from=8062650319064&to=9344559120600,"in local mirror as live — Shopify may just be slow, worth a manual re-check"
https://www.dynamocks.us/products/cotton-crew-socks-stripes-12-0-crew-length-socks,429,sitemap_products_1.xml?from=8062650319064&to=9344559120600,"in local mirror as live — Shopify may just be slow, worth a manual re-check"
https://www.dynamocks.us/products/cotton-crew-socks-stripes-13-0-crew-length-socks-copy,429,sitemap_products_1.xml?from=8062650319064&to=9344559120600,"in local mirror as live — Shopify may just be slow, worth a manual re-check"
https://www.dynamocks.us/products/cotton-crew-socks-stripes-17-0,429,sitemap_products_1.xml?from=8062650319064&to=9344559120600,"in local mirror as live — Shopify may just be slow, worth a manual re-check"
https://www.dynamocks.us/products/cotton-crew-socks-stripes-19-0,429,sitemap_products_1.xml?from=8062650319064&to=9344559120600,"in local mirror as live — Shopify may just be slow, worth a manual re-check"
https://www.dynamocks.us/products/cotton-crew-socks-stripes-5-0-crew-length-socks,429,sitemap_products_1.xml?from=8062650319064&to=9344559120600,"in local mirror as live — Shopify may just be slow, worth a manual re-check"
https://www.dynamocks.us/products/cotton-crew-socks-sunshine-crew-length-socks,429,sitemap_products_1.xml?from=8062650319064&to=9344559120600,"in local mirror as live — Shopify may just be slow, worth a manual re-check"
https://www.dynamocks.us/products/cotton-crew-socks-swoon-crew-length-socks,429,sitemap_products_1.xml?from=8062650319064&to=9344559120600,"in local mirror as live — Shopify may just be slow, worth a manual re-check"
https://www.dynamocks.us/products/cotton-socks-vibrant-combo,429,sitemap_products_1.xml?from=8062650319064&to=9344559120600,"in local mirror as live — Shopify may just be slow, worth a manual re-check"
https://www.dynamocks.us/products/crossover-ankle-length-socks-cotton-ankle-socks,429,sitemap_products_1.xml?from=8062650319064&to=9344559120600,"in local mirror as live — Shopify may just be slow, worth a manual re-check"
https://www.dynamocks.us/products/cube-crew-length-socks-cotton-crew-socks,429,sitemap_products_1.xml?from=8062650319064&to=9344559120600,"in local mirror as live — Shopify may just be slow, worth a manual re-check"
https://www.dynamocks.us/products/cutting-chai-cotton-ankle-socks-single-pair-playful-indian-style,429,sitemap_products_1.xml?from=8062650319064&to=9344559120600,"in local mirror as live — Shopify may just be slow, worth a manual re-check"
https://www.dynamocks.us/products/dandy-black-white-crew-length-socks-cotton-crew-socks,429,sitemap_products_1.xml?from=8062650319064&to=9344559120600,"in local mirror as live — Shopify may just be slow, worth a manual re-check"
https://www.dynamocks.us/products/dashing-crew-length-socks-cotton-ankle-socks,429,sitemap_products_1.xml?from=8062650319064&to=9344559120600,"in local mirror as live — Shopify may just be slow, worth a manual re-check"
https://www.dynamocks.us/products/doodle-ankle-length-socks-cotton-ankle-socks,429,sitemap_products_1.xml?from=8062650319064&to=9344559120600,"in local mirror as live — Shopify may just be slow, worth a manual re-check"
https://www.dynamocks.us/products/dynamocks-artistic-graphic-quarter-socks-us-size-6-10-copy,429,sitemap_products_1.xml?from=8062650319064&to=9344559120600,"in local mirror as live — Shopify may just be slow, worth a manual re-check"
https://www.dynamocks.us/products/dynamocks-mega-mystery-box-6-pairs-premium-socks-quarter-length-copy,429,sitemap_products_1.xml?from=8062650319064&to=9344559120600,"in local mirror as live — Shopify may just be slow, worth a manual re-check"
https://www.dynamocks.us/products/dynamocks-premium-crew-socks-pack-of-6,429,sitemap_products_1.xml?from=8062650319064&to=9344559120600,"in local mirror as live — Shopify may just be slow, worth a manual re-check"
https://www.dynamocks.us/products/elegant-stripes-1-0-crew-socks-a-touch-of-sophisticated-style,429,sitemap_products_1.xml?from=8062650319064&to=9344559120600,"in local mirror as live — Shopify may just be slow, worth a manual re-check"
https://www.dynamocks.us/products/exotica-dynamocks-artistic-graphic-quarter-length-socks-us-size-6-10,429,sitemap_products_1.xml?from=8062650319064&to=9344559120600,"in local mirror as live — Shopify may just be slow, worth a manual re-check"
https://www.dynamocks.us/products/fizzy-maroon-ankle-length-socks-cotton-ankle-socks,429,sitemap_products_1.xml?from=8062650319064&to=9344559120600,"in local mirror as live — Shopify may just be slow, worth a manual re-check"
https://www.dynamocks.us/products/fizzy-pack-of-4,429,sitemap_products_1.xml?from=8062650319064&to=9344559120600,"in local mirror as live — Shopify may just be slow, worth a manual re-check"
https://www.dynamocks.us/products/fizzy-yellow-crew-length-socks-cotton-crew-socks,429,sitemap_products_1.xml?from=8062650319064&to=9344559120600,"in local mirror as live — Shopify may just be slow, worth a manual re-check"
https://www.dynamocks.us/products/funky-colorful-designer-premium-cotton-crew-socks-bundle-pack-of-4,429,sitemap_products_1.xml?from=8062650319064&to=9344559120600,"in local mirror as live — Shopify may just be slow, worth a manual re-check"
https://www.dynamocks.us/products/gift-16,429,sitemap_products_1.xml?from=8062650319064&to=9344559120600,"in local mirror as live — Shopify may just be slow, worth a manual re-check"
https://www.dynamocks.us/products/gift-4,429,sitemap_products_1.xml?from=8062650319064&to=9344559120600,"in local mirror as live — Shopify may just be slow, worth a manual re-check"
https://www.dynamocks.us/products/grey-unisex-bamboo-crew-length-socks-copy,429,sitemap_products_1.xml?from=8062650319064&to=9344559120600,"in local mirror as live — Shopify may just be slow, worth a manual re-check"
https://www.dynamocks.us/products/guitar-crew-length-men-women-designer-funky-funny-creative-colorful-socks-unisex-socks,429,sitemap_products_1.xml?from=8062650319064&to=9344559120600,"in local mirror as live — Shopify may just be slow, worth a manual re-check"
https://www.dynamocks.us/products/hex-ankle-length-socks-cotton-ankle-socks,429,sitemap_products_1.xml?from=8062650319064&to=9344559120600,"in local mirror as live — Shopify may just be slow, worth a manual re-check"
https://www.dynamocks.us/products/hexagon-crew-length-socks-cotton-crew-socks,429,sitemap_products_1.xml?from=8062650319064&to=9344559120600,"in local mirror as live — Shopify may just be slow, worth a manual re-check"
https://www.dynamocks.us/products/houndstooth-crew-length-socks-cotton-crew-socks,429,sitemap_products_1.xml?from=8062650319064&to=9344559120600,"in local mirror as live — Shopify may just be slow, worth a manual re-check"
https://www.dynamocks.us/products/jazz-men-women-designer-premium-dress-socks,429,sitemap_products_1.xml?from=8062650319064&to=9344559120600,"in local mirror as live — Shopify may just be slow, worth a manual re-check"
https://www.dynamocks.us/products/lemons-crew-length-socks-cotton-crew-socks,429,sitemap_products_1.xml?from=8062650319064&to=9344559120600,"in local mirror as live — Shopify may just be slow, worth a manual re-check"
https://www.dynamocks.us/products/lineup-collection-6-pair-striped-and-solid-dress-socks-for-men-women-dynamocks,429,sitemap_products_1.xml?from=8062650319064&to=9344559120600,"in local mirror as live — Shopify may just be slow, worth a manual re-check"
https://www.dynamocks.us/products/mango-crew-socks-single-pair-fruity-fun-cotton-comfort,429,sitemap_products_1.xml?from=8062650319064&to=9344559120600,"in local mirror as live — Shopify may just be slow, worth a manual re-check"
https://www.dynamocks.us/products/mint-ankle-length-socks-cotton-ankle-socks,429,sitemap_products_1.xml?from=8062650319064&to=9344559120600,"in local mirror as live — Shopify may just be slow, worth a manual re-check"
https://www.dynamocks.us/products/mono-ankle-length-socks-cotton-ankle-socks,429,sitemap_products_1.xml?from=8062650319064&to=9344559120600,"in local mirror as live — Shopify may just be slow, worth a manual re-check"
https://www.dynamocks.us/products/monochrome-designer-cotton-crew-socks-6-pack-luxury-comfort-and-style,429,sitemap_products_1.xml?from=8062650319064&to=9344559120600,"in local mirror as live — Shopify may just be slow, worth a manual re-check"
https://www.dynamocks.us/products/mooch-crew-length-socks-mischief-for-your-feet,429,sitemap_products_1.xml?from=8062650319064&to=9344559120600,"in local mirror as live — Shopify may just be slow, worth a manual re-check"
https://www.dynamocks.us/products/music-crew-length-socks-strike-a-chord-with-your-style,429,sitemap_products_1.xml?from=8062650319064&to=9344559120600,"in local mirror as live — Shopify may just be slow, worth a manual re-check"
https://www.dynamocks.us/products/navy-blue-unisex-bamboo-crew-length-socks,429,sitemap_products_1.xml?from=8062650319064&to=9344559120600,"in local mirror as live — Shopify may just be slow, worth a manual re-check"
https://www.dynamocks.us/products/ocean-blues-set-6-pair-blue-gradient-dress-socks-for-men-women-dynamocks,429,sitemap_products_1.xml?from=8062650319064&to=9344559120600,"in local mirror as live — Shopify may just be slow, worth a manual re-check"
https://www.dynamocks.us/products/orange-unisex-bamboo-crew-length-socks,429,sitemap_products_1.xml?from=8062650319064&to=9344559120600,"in local mirror as live — Shopify may just be slow, worth a manual re-check"
https://www.dynamocks.us/products/paws-and-bones-crew-length-socks-cotton-crew-socks,429,sitemap_products_1.xml?from=8062650319064&to=9344559120600,"in local mirror as live — Shopify may just be slow, worth a manual re-check"
https://www.dynamocks.us/products/pizzazz-ankle-length-cotton-socks-fun-styles-for-everyday-wear,429,sitemap_products_1.xml?from=8062650319064&to=9344559120600,"in local mirror as live — Shopify may just be slow, worth a manual re-check"
https://www.dynamocks.us/products/pizzazz-cube-prism-doodle-sprinkles-mayan,429,sitemap_products_1.xml?from=8062650319064&to=9344559120600,"in local mirror as live — Shopify may just be slow, worth a manual re-check"
https://www.dynamocks.us/products/plus-ankle-length-socks-cotton-ankle-socks,429,sitemap_products_1.xml?from=8062650319064&to=9344559120600,"in local mirror as live — Shopify may just be slow, worth a manual re-check"
https://www.dynamocks.us/products/plus-crew-length-socks-cotton-crew-socks,429,sitemap_products_1.xml?from=8062650319064&to=9344559120600,"in local mirror as live — Shopify may just be slow, worth a manual re-check"
https://www.dynamocks.us/products/plush-ankle-length-socks-cotton-ankle-socks,429,sitemap_products_1.xml?from=8062650319064&to=9344559120600,"in local mirror as live — Shopify may just be slow, worth a manual re-check"
https://www.dynamocks.us/products/plush_classic_tides_arrows,429,sitemap_products_1.xml?from=8062650319064&to=9344559120600,"in local mirror as live — Shopify may just be slow, worth a manual re-check"
https://www.dynamocks.us/products/pop-ankle-length-socks-cotton-ankle-socks,429,sitemap_products_1.xml?from=8062650319064&to=9344559120600,"in local mirror as live — Shopify may just be slow, worth a manual re-check"
https://www.dynamocks.us/products/posh-crew-length-socks-cotton-crew-socks,429,sitemap_products_1.xml?from=8062650319064&to=9344559120600,"in local mirror as live — Shopify may just be slow, worth a manual re-check"
https://www.dynamocks.us/products/premium-cotton-crew-socks-bundle-of-unique-colorful-designer-socks,429,sitemap_products_1.xml?from=8062650319064&to=9344559120600,"in local mirror as live — Shopify may just be slow, worth a manual re-check"
https://www.dynamocks.us/products/premium-cotton-of-unique-colorful-designer-socks-bundle-pack-of-4-copy,429,sitemap_products_1.xml?from=8062650319064&to=9344559120600,"in local mirror as live — Shopify may just be slow, worth a manual re-check"
https://www.dynamocks.us/products/premium-dress-socks-colorful-designer-cotton-crew-socks-bundle-pack-of-4,429,sitemap_products_1.xml?from=8062650319064&to=9344559120600,"in local mirror as live — Shopify may just be slow, worth a manual re-check"
https://www.dynamocks.us/products/premium-dress-socks-colorful-designer-cotton-crew-socks-bundle-stripes-and-dotted-pattern-pack-of-4,429,sitemap_products_1.xml?from=8062650319064&to=9344559120600,"in local mirror as live — Shopify may just be slow, worth a manual re-check"
https://www.dynamocks.us/products/prism-ankle-length-socks-a-spectrum-of-color-for-your-feet,429,sitemap_products_1.xml?from=8062650319064&to=9344559120600,"in local mirror as live — Shopify may just be slow, worth a manual re-check"
https://www.dynamocks.us/products/radiance-crew-length-men-women-designer-funky-creative-colorful-socks-unisex-socks-copy,429,sitemap_products_1.xml?from=8062650319064&to=9344559120600,"in local mirror as live — Shopify may just be slow, worth a manual re-check"
https://www.dynamocks.us/products/red-unisex-bamboo-crew-length-socks,429,sitemap_products_1.xml?from=8062650319064&to=9344559120600,"in local mirror as live — Shopify may just be slow, worth a manual re-check"
https://www.dynamocks.us/products/rickshaw-crew-socks-single-pair-fun-design-cotton-comfort,429,sitemap_products_1.xml?from=8062650319064&to=9344559120600,"in local mirror as live — Shopify may just be slow, worth a manual re-check"
https://www.dynamocks.us/products/ritz-crew-length-socks-cotton-crew-socks,429,sitemap_products_1.xml?from=8062650319064&to=9344559120600,"in local mirror as live — Shopify may just be slow, worth a manual re-check"
https://www.dynamocks.us/products/royal-blue-unisex-bamboo-crew-length-socks,429,sitemap_products_1.xml?from=8062650319064&to=9344559120600,"in local mirror as live — Shopify may just be slow, worth a manual re-check"
https://www.dynamocks.us/products/solid-aqua-crew-length-socks-cotton-crew-socks,429,sitemap_products_1.xml?from=8062650319064&to=9344559120600,"in local mirror as live — Shopify may just be slow, worth a manual re-check"
https://www.dynamocks.us/products/solid-green-ankle-length-socks-cotton-ankle-socks,429,sitemap_products_1.xml?from=8062650319064&to=9344559120600,"in local mirror as live — Shopify may just be slow, worth a manual re-check"
https://www.dynamocks.us/products/solid-maroon-ankle-length-socks-cotton-ankle-socks,429,sitemap_products_1.xml?from=8062650319064&to=9344559120600,"in local mirror as live — Shopify may just be slow, worth a manual re-check"
https://www.dynamocks.us/products/solid-neon-green-crew-length-socks-cotton-crew-socks,429,sitemap_products_1.xml?from=8062650319064&to=9344559120600,"in local mirror as live — Shopify may just be slow, worth a manual re-check"
https://www.dynamocks.us/products/solid-purple-crew-length-cotton-socks-a-bold-statement,429,sitemap_products_1.xml?from=8062650319064&to=9344559120600,"in local mirror as live — Shopify may just be slow, worth a manual re-check"
https://www.dynamocks.us/products/solid-teal-green-ankle-length-socks-cotton-ankle-socks,429,sitemap_products_1.xml?from=8062650319064&to=9344559120600,"in local mirror as live — Shopify may just be slow, worth a manual re-check"
https://www.dynamocks.us/products/solid-white-crew-socks-single-pair-classic-cotton-comfort,429,sitemap_products_1.xml?from=8062650319064&to=9344559120600,"in local mirror as live — Shopify may just be slow, worth a manual re-check"
https://www.dynamocks.us/products/sprinkles-ankle-length-cotton-socks-fun-colorful-comfort,429,sitemap_products_1.xml?from=8062650319064&to=9344559120600,"in local mirror as live — Shopify may just be slow, worth a manual re-check"
https://www.dynamocks.us/products/stripes-14-0-crew-socks-single-pair-classic-cotton-comfort,429,sitemap_products_1.xml?from=8062650319064&to=9344559120600,"in local mirror as live — Shopify may just be slow, worth a manual re-check"
https://www.dynamocks.us/products/stripes-2-0-crew-length-socks-cotton-crew-socks,429,sitemap_products_1.xml?from=8062650319064&to=9344559120600,"in local mirror as live — Shopify may just be slow, worth a manual re-check"
https://www.dynamocks.us/products/stripes-25-0-premium-turquoise-striped-cotton-crew-socks-colorful-designer-socks,429,sitemap_products_1.xml?from=8062650319064&to=9344559120600,"in local mirror as live — Shopify may just be slow, worth a manual re-check"
https://www.dynamocks.us/products/stripes-3-0-ankle-length-socks-cotton-ankle-socks,429,sitemap_products_1.xml?from=8062650319064&to=9344559120600,"in local mirror as live — Shopify may just be slow, worth a manual re-check"
https://www.dynamocks.us/products/stripes-4-0-ankle-length-socks-bold-stripes-for-every-step,429,sitemap_products_1.xml?from=8062650319064&to=9344559120600,"in local mirror as live — Shopify may just be slow, worth a manual re-check"
https://www.dynamocks.us/products/stripes-7-0-ankle-length-socks-cotton-ankle-socks,429,sitemap_products_1.xml?from=8062650319064&to=9344559120600,"in local mirror as live — Shopify may just be slow, worth a manual re-check"
https://www.dynamocks.us/products/stripes-8-0-crew-length-socks-cotton-crew-socks,429,sitemap_products_1.xml?from=8062650319064&to=9344559120600,"in local mirror as live — Shopify may just be slow, worth a manual re-check"
https://www.dynamocks.us/products/stripes-cotton-socks-pack-of-3-crew-length-socks-combo-1,429,sitemap_products_1.xml?from=8062650319064&to=9344559120600,"in local mirror as live — Shopify may just be slow, worth a manual re-check"
https://www.dynamocks.us/products/stripes-cotton-socks-pack-of-3-crew-length-socks-set,429,sitemap_products_1.xml?from=8062650319064&to=9344559120600,"in local mirror as live — Shopify may just be slow, worth a manual re-check"
https://www.dynamocks.us/products/stripes-duo-1-0-crew-length-socks-cotton-crew-socks,429,sitemap_products_1.xml?from=8062650319064&to=9344559120600,"in local mirror as live — Shopify may just be slow, worth a manual re-check"
https://www.dynamocks.us/products/stripes-duo-4-0-crew-length-socks-bold-stripes-cotton-crew-socks,429,sitemap_products_1.xml?from=8062650319064&to=9344559120600,"in local mirror as live — Shopify may just be slow, worth a manual re-check"
https://www.dynamocks.us/products/stylish-cotton-ankle-socks-stripes-x-1,429,sitemap_products_1.xml?from=8062650319064&to=9344559120600,"in local mirror as live — Shopify may just be slow, worth a manual re-check"
https://www.dynamocks.us/products/stylish-cotton-ankle-socks-stripes-x-3,429,sitemap_products_1.xml?from=8062650319064&to=9344559120600,"in local mirror as live — Shopify may just be slow, worth a manual re-check"
https://www.dynamocks.us/products/sublime-1-0-crew-length-socks-cotton-crew-socks,429,sitemap_products_1.xml?from=8062650319064&to=9344559120600,"in local mirror as live — Shopify may just be slow, worth a manual re-check"
https://www.dynamocks.us/products/sublime-3-0-ankle-length-socks-cotton-ankle-socks,429,sitemap_products_1.xml?from=8062650319064&to=9344559120600,"in local mirror as live — Shopify may just be slow, worth a manual re-check"
https://www.dynamocks.us/products/sublime-4-0-crew-length-socks-cotton-crew-socks,429,sitemap_products_1.xml?from=8062650319064&to=9344559120600,"in local mirror as live — Shopify may just be slow, worth a manual re-check"
https://www.dynamocks.us/products/sunset-solids-6-pair-warm-color-dress-socks-for-men-women-dynamocks,429,sitemap_products_1.xml?from=8062650319064&to=9344559120600,"in local mirror as live — Shopify may just be slow, worth a manual re-check"
https://www.dynamocks.us/products/tangy-ankle-length-socks-cotton-ankle-socks,429,sitemap_products_1.xml?from=8062650319064&to=9344559120600,"in local mirror as live — Shopify may just be slow, worth a manual re-check"
https://www.dynamocks.us/products/tech-toes-crew-length-men-women-designer-funky-creative-colorful-socks-unisex-socks-copy,429,sitemap_products_1.xml?from=8062650319064&to=9344559120600,"in local mirror as live — Shopify may just be slow, worth a manual re-check"
https://www.dynamocks.us/products/the-bamboo-reserve-6-pack-essential-solids,429,sitemap_products_1.xml?from=8062650319064&to=9344559120600,"in local mirror as live — Shopify may just be slow, worth a manual re-check"
https://www.dynamocks.us/products/the-executive-stripe-bundle-mens-premium-combed-cotton-dress-socks-pack-of-6,429,sitemap_products_1.xml?from=8062650319064&to=9344559120600,"in local mirror as live — Shopify may just be slow, worth a manual re-check"
https://www.dynamocks.us/products/the-high-contrast-capsule-6-pack,429,sitemap_products_1.xml?from=8062650319064&to=9344559120600,"in local mirror as live — Shopify may just be slow, worth a manual re-check"
https://www.dynamocks.us/products/the-signature-stripes-portfolio-6-pack-copy,429,sitemap_products_1.xml?from=8062650319064&to=9344559120600,"in local mirror as live — Shopify may just be slow, worth a manual re-check"
https://www.dynamocks.us/products/tides-crew-length-socks-cotton-crew-socks,429,sitemap_products_1.xml?from=8062650319064&to=9344559120600,"in local mirror as live — Shopify may just be slow, worth a manual re-check"
https://www.dynamocks.us/products/turquoise-bamboo-crew-length-socks,429,sitemap_products_1.xml?from=8062650319064&to=9344559120600,"in local mirror as live — Shopify may just be slow, worth a manual re-check"
https://www.dynamocks.us/products/unique-turquoise-men-women-designer-premium-dress-socks,429,sitemap_products_1.xml?from=8062650319064&to=9344559120600,"in local mirror as live — Shopify may just be slow, worth a manual re-check"
https://www.dynamocks.us/products/unisex-bamboo-crew-length-socks-pack-of-4-pairs,429,sitemap_products_1.xml?from=8062650319064&to=9344559120600,"in local mirror as live — Shopify may just be slow, worth a manual re-check"
https://www.dynamocks.us/products/vibe-crew-length-socks-cotton-crew-socks,429,sitemap_products_1.xml?from=8062650319064&to=9344559120600,"in local mirror as live — Shopify may just be slow, worth a manual re-check"
https://www.dynamocks.us/products/watermelon-cotton-ankle-socks-melon-ankle-length-socks,429,sitemap_products_1.xml?from=8062650319064&to=9344559120600,"in local mirror as live — Shopify may just be slow, worth a manual re-check"
https://www.dynamocks.us/products/yellow-black-cotton-ankle-socks-bold-stripes-3-0-ankle-length-socks,429,sitemap_products_1.xml?from=8062650319064&to=9344559120600,"in local mirror as live — Shopify may just be slow, worth a manual re-check"
https://www.dynamocks.us/products/ying-yang-ankle-length-socks-cotton-ankle-socks,429,sitemap_products_1.xml?from=8062650319064&to=9344559120600,"in local mirror as live — Shopify may just be slow, worth a manual re-check"
https://www.dynamocks.us/products/yinyang-polka-neon-confetti-prism-jolly,429,sitemap_products_1.xml?from=8062650319064&to=9344559120600,"in local mirror as live — Shopify may just be slow, worth a manual re-check"
https://www.dynamocks.us/products/zebra-crew-length-socks-cotton-crew-socks,429,sitemap_products_1.xml?from=8062650319064&to=9344559120600,"in local mirror as live — Shopify may just be slow, worth a manual re-check"
